infraorder,superfamily,family,species,prey,prey_order,prey_family,parvorder
strepsirrhini,lorisiformes,lorisidae,euoticus_elegantulus,aves,passeriformes,Cisticolidae,lemuriforms
strepsirrhini,lorisiformes,lorisidae,galago_alleni,amphibia,anura,NA,lemuriforms
strepsirrhini,lorisiformes,lorisidae,galago_moholi,aves,passeriformes,Monarchidae,lemuriforms
strepsirrhini,lorisiformes,lorisidae,galago_moholi,aves,passeriformes,Turdidae,lemuriforms
strepsirrhini,lorisiformes,lorisidae,loris_lydekkerianus,squamata,squamata,Gekkonidae,lemuriforms
strepsirrhini,lorisiformes,lorisidae,loris_tardigradus,squamata,squamata,Gekkonidae,lemuriforms
strepsirrhini,lorisiformes,lorisidae,loris_tardigradus,aves,NA,NA,lemuriforms
strepsirrhini,lorisiformes,lorisidae,nycticebus_coucang,aves,NA,NA,lemuriforms
strepsirrhini,lorisiformes,lorisidae,otolemur_crassicaudatus,squamata,squamata,NA,lemuriforms
strepsirrhini,lorisiformes,lorisidae,otolemur_crassicaudatus,aves,passeriformes,Calyptomenidae,lemuriforms
strepsirrhini,lorisiformes,lorisidae,otolemur_crassicaudatus,aves,passeriformes,Monarchidae,lemuriforms
strepsirrhini,lorisiformes,lorisidae,otolemur_crassicaudatus,aves,passeriformes,Muscicapidae,lemuriforms
strepsirrhini,lorisiformes,lorisidae,otolemur_crassicaudatus,aves,passeriformes,Nicatoridae,lemuriforms
strepsirrhini,lorisiformes,lorisidae,otolemur_crassicaudatus,aves,passeriformes,Pycnonodidae,lemuriforms
strepsirrhini,lorisiformes,lorisidae,perodicticus_potto,aves,NA,NA,lemuriforms
strepsirrhini,lorisiformes,lorisidae,perodicticus_potto,mammalia,chiroptera,Pteropodidae,lemuriforms
strepsirrhini,lemuriformes,lemuridae,cheirogaleus_medius,squamata,squamata,NA,lemuriforms
strepsirrhini,lemuriformes,lemuridae,eulemur_fulvus_fulvus,aves,passeriformes,Monarchidae,lemuriforms
strepsirrhini,lemuriformes,lemuridae,eulemur_fulvus_fulvus,mammalia,primates,Lemuridae,lemuriforms
strepsirrhini,lemuriformes,lemuridae,microcebus_berthae,squamata,squamata,Chamaeleonidae,lemuriforms
strepsirrhini,lemuriformes,lemuridae,microcebus_berthae,squamata,squamata,Gekkonidae,lemuriforms
strepsirrhini,lemuriformes,lemuridae,microcebus_murinus,amphibia,anura,NA,lemuriforms
strepsirrhini,lemuriformes,lemuridae,microcebus_murinus,squamata,squamata,Chamaeleonidae,lemuriforms
strepsirrhini,lemuriformes,lemuridae,microcebus_murinus,squamata,squamata,Gekkonidae,lemuriforms
strepsirrhini,lemuriformes,lemuridae,mirza_coquereli,amphibia,anura,NA,lemuriforms
strepsirrhini,lemuriformes,lemuridae,mirza_coquereli,squamata,squamata,Chamaeleonidae,lemuriforms
strepsirrhini,lemuriformes,lemuridae,mirza_coquereli,squamata,squamata,NA,lemuriforms
strepsirrhini,lemuriformes,lemuridae,mirza_coquereli,aves,NA,NA,lemuriforms
strepsirrhini,lemuriformes,lemuridae,mirza_coquereli,mammalia,rodentia,NA,lemuriforms
strepsirrhini,lemuriformes,lemuridae,mirza_coquereli,mammalia,primates,Cheirogaleidae,lemuriforms
haplorrhini,tarsiiformes,tarsidae,tarsius_bancanus,teleostei,actinopterygii,NA,tarsidae
haplorrhini,tarsiiformes,tarsidae,tarsius_bancanus,squamata,squamata,Elapidae,tarsidae
haplorrhini,tarsiiformes,tarsidae,tarsius_bancanus,squamata,NA,NA,tarsidae
haplorrhini,tarsiiformes,tarsidae,tarsius_bancanus,aves,coraciiformes,Alcedinidae,tarsidae
haplorrhini,tarsiiformes,tarsidae,tarsius_bancanus,aves,passeriformes,Sylviidae,tarsidae
haplorrhini,tarsiiformes,tarsidae,tarsius_bancanus,aves,passeriformes,Pittidae,tarsidae
haplorrhini,tarsiiformes,tarsidae,tarsius_bancanus,mammalia,chiroptera,Pteropodidae,tarsidae
haplorrhini,tarsiiformes,tarsidae,tarsius_bancanus,mammalia,chiroptera,Pteropodidae,tarsidae
haplorrhini,tarsiiformes,tarsidae,tarsius_bancanus,mammalia,chiroptera,Pteropodidae,tarsidae
haplorrhini,simmiformes,atelidae,alouatta_caraya,aves,galliformes,Phasianidae,platyrrhine
haplorrhini,simmiformes,atelidae,alouatta_palliata,aves,NA,NA,platyrrhine
haplorrhini,simmiformes,atelidae,alouatta_seniculus,squamata,squamata,Iguanidae,platyrrhine
haplorrhini,simmiformes,atelidae,lagothrix_flavicauda,squamata,squamata,Colubridae,platyrrhine
haplorrhini,simmiformes,atelidae,lagothrix_lagotricha,amphibia,anura,Hyelidae,platyrrhine
haplorrhini,simmiformes,atelidae,lagothrix_lagotricha,amphibia,anura,NA,platyrrhine
haplorrhini,simmiformes,atelidae,lagothrix_lagotricha,mammalia,rodentia,NA,platyrrhine
haplorrhini,simmiformes,callitrichidae,callimico_goeldii,amphibia,anura,NA,platyrrhine
haplorrhini,simmiformes,callitrichidae,callimico_goeldii,squamata,squamata,NA,platyrrhine
haplorrhini,simmiformes,callitrichidae,callimico_goeldii,aves,NA,NA,platyrrhine
haplorrhini,simmiformes,callitrichidae,callithrix_aurita,aves,NA,NA,platyrrhine
haplorrhini,simmiformes,callitrichidae,callithrix_flaviceps,amphibia,anura,NA,platyrrhine
haplorrhini,simmiformes,callitrichidae,callithrix_flaviceps,squamata,squamata,NA,platyrrhine
haplorrhini,simmiformes,callitrichidae,callithrix_flaviceps,aves,NA,NA,platyrrhine
haplorrhini,simmiformes,callitrichidae,callithrix_geoffroyi,amphibia,anura,NA,platyrrhine
haplorrhini,simmiformes,callitrichidae,callithrix_geoffroyi,squamata,squamata,NA,platyrrhine
haplorrhini,simmiformes,callitrichidae,callithrix_humeralifera,amphibia,anura,NA,platyrrhine
haplorrhini,simmiformes,callitrichidae,callithrix_humeralifera,squamata,squamata,NA,platyrrhine
haplorrhini,simmiformes,callitrichidae,callithrix_humeralifera,aves,passeriformes,Thamnophilidae,platyrrhine
haplorrhini,simmiformes,callitrichidae,callithrix_humeralifera,aves,passeriformes,Thraupidae,platyrrhine
haplorrhini,simmiformes,callitrichidae,callithrix_humeralifera,aves,NA,NA,platyrrhine
haplorrhini,simmiformes,callitrichidae,callithrix_jacchus,amphibia,anura,Hylidae,platyrrhine
haplorrhini,simmiformes,callitrichidae,callithrix_jacchus,amphibia,anura,NA,platyrrhine
haplorrhini,simmiformes,callitrichidae,callithrix_jacchus,squamata,squamata,Gekkonidae,platyrrhine
haplorrhini,simmiformes,callitrichidae,callithrix_jacchus,squamata,squamata,NA,platyrrhine
haplorrhini,simmiformes,callitrichidae,callithrix_jacchus,aves,apodiformes,Trochilidae,platyrrhine
haplorrhini,simmiformes,callitrichidae,callithrix_jacchus,aves,apodiformes,Trochilidae,platyrrhine
haplorrhini,simmiformes,callitrichidae,callithrix_jacchus,aves,caprimuligiformes,Capromulgidae,platyrrhine
haplorrhini,simmiformes,callitrichidae,callithrix_jacchus,aves,colombiformes,Columbidae,platyrrhine
haplorrhini,simmiformes,callitrichidae,callithrix_jacchus,aves,colombiformes,Columbidae,platyrrhine
haplorrhini,simmiformes,callitrichidae,callithrix_jacchus,aves,colombiformes,Columbidae,platyrrhine
haplorrhini,simmiformes,callitrichidae,callithrix_jacchus,aves,passeriformes,Cotingidae,platyrrhine
haplorrhini,simmiformes,callitrichidae,callithrix_jacchus,aves,passeriformes,Thamnophilidae,platyrrhine
haplorrhini,simmiformes,callitrichidae,callithrix_jacchus,aves,passeriformes,Thraupidae,platyrrhine
haplorrhini,simmiformes,callitrichidae,callithrix_jacchus,aves,passeriformes,Turdidae,platyrrhine
haplorrhini,simmiformes,callitrichidae,callithrix_jacchus,aves,passeriformes,Turdidae,platyrrhine
haplorrhini,simmiformes,callitrichidae,callithrix_jacchus,aves,passeriformes,Tyrannidae,platyrrhine
haplorrhini,simmiformes,callitrichidae,callithrix_jacchus,aves,passeriformes,Tyrannidae,platyrrhine
haplorrhini,simmiformes,callitrichidae,callithrix_jacchus,aves,NA,NA,platyrrhine
haplorrhini,simmiformes,callitrichidae,callithrix_jacchus,mammalia,didelphimorphia,Didelphidae,platyrrhine
haplorrhini,simmiformes,callitrichidae,callithrix_jacchus,mammalia,didelphimorphia,Didelphidae,platyrrhine
haplorrhini,simmiformes,callitrichidae,callithrix_jacchus,mammalia,rodentia,Echimyidae,platyrrhine
haplorrhini,simmiformes,callitrichidae,callithrix_jacchus,mammalia,rodentia,Echimyidae,platyrrhine
haplorrhini,simmiformes,callitrichidae,callithrix_kuhli,amphibia,anura,NA,platyrrhine
haplorrhini,simmiformes,callitrichidae,callithrix_kuhli,squamata,squamata,NA,platyrrhine
haplorrhini,simmiformes,callitrichidae,callithrix_kuhli,aves,NA,NA,platyrrhine
haplorrhini,simmiformes,callitrichidae,callithrix_penicillata,amphibia,anura,Hylidae,platyrrhine
haplorrhini,simmiformes,callitrichidae,callithrix_penicillata,amphibia,anura,NA,platyrrhine
haplorrhini,simmiformes,callitrichidae,callithrix_penicillata,amphibia,anura,NA,platyrrhine
haplorrhini,simmiformes,callitrichidae,callithrix_penicillata,squamata,NA,NA,platyrrhine
haplorrhini,simmiformes,callitrichidae,callithrix_penicillata,aves,passeriformes,Columbidae,platyrrhine
haplorrhini,simmiformes,callitrichidae,callithrix_penicillata,aves,passeriformes,Icteridae,platyrrhine
haplorrhini,simmiformes,callitrichidae,callithrix_penicillata,aves,NA,NA,platyrrhine
haplorrhini,simmiformes,callitrichidae,callithrix_penicillata,mammalia,didelphimorphia,Didelphidae,platyrrhine
haplorrhini,simmiformes,callitrichidae,callithrix_penicillata,mammalia,rodentia,Muridae,platyrrhine
haplorrhini,simmiformes,callitrichidae,callithrix_pygmaea,amphibia,anura,Aromabatidae,platyrrhine
haplorrhini,simmiformes,callitrichidae,callithrix_pygmaea,squamata,squamata,Dactyloidea,platyrrhine
haplorrhini,simmiformes,callitrichidae,callithrix_pygmaea,squamata,squamata,Tropiduridae,platyrrhine
haplorrhini,simmiformes,callitrichidae,leontopithecus_chrysomelas,amphibia,anura,NA,platyrrhine
haplorrhini,simmiformes,callitrichidae,leontopithecus_chrysomelas,squamata,squamata,Dactyloidea,platyrrhine
haplorrhini,simmiformes,callitrichidae,leontopithecus_chrysomelas,squamata,squamata,Tropiduridae,platyrrhine
haplorrhini,simmiformes,callitrichidae,leontopithecus_chrysomelas,squamata,squamata,NA,platyrrhine
haplorrhini,simmiformes,callitrichidae,leontopithecus_chrysomelas,aves,NA,NA,platyrrhine
haplorrhini,simmiformes,callitrichidae,leontopithecus_chrysopygus,amphibia,anura,NA,platyrrhine
haplorrhini,simmiformes,callitrichidae,leontopithecus_chrysopygus,squamata,squamata,Dactyloidea,platyrrhine
haplorrhini,simmiformes,callitrichidae,leontopithecus_chrysopygus,squamata,squamata,Tropiduridae,platyrrhine
haplorrhini,simmiformes,callitrichidae,leontopithecus_rosalia,amphibia,anura,NA,platyrrhine
haplorrhini,simmiformes,callitrichidae,leontopithecus_rosalia,squamata,squamata,NA,platyrrhine
haplorrhini,simmiformes,callitrichidae,leontopithecus_rosalia,squamata,squamata,Tropiduridae,platyrrhine
haplorrhini,simmiformes,callitrichidae,leontopithecus_rosalia,squamata,squamata,Dactyloidea,platyrrhine
haplorrhini,simmiformes,callitrichidae,leontopithecus_rosalia,aves,passeriformes,Turdidae,platyrrhine
haplorrhini,simmiformes,callitrichidae,saguinus_fuscicollis,amphibia,anura,NA,platyrrhine
haplorrhini,simmiformes,callitrichidae,saguinus_fuscicollis,squamata,squamata,NA,platyrrhine
haplorrhini,simmiformes,callitrichidae,saguinus_fuscicollis,aves,NA,NA,platyrrhine
haplorrhini,simmiformes,callitrichidae,saguinus_imperator,amphibia,anura,NA,platyrrhine
haplorrhini,simmiformes,callitrichidae,saguinus_imperator,squamata,squamata,NA,platyrrhine
haplorrhini,simmiformes,callitrichidae,saguinus_mystax,amphibia,anura,Hylabatidae,platyrrhine
haplorrhini,simmiformes,callitrichidae,saguinus_mystax,amphibia,anura,Hylabatidae,platyrrhine
haplorrhini,simmiformes,callitrichidae,saguinus_mystax,amphibia,anura,Hylabatidae,platyrrhine
haplorrhini,simmiformes,callitrichidae,saguinus_mystax,amphibia,NA,NA,platyrrhine
haplorrhini,simmiformes,callitrichidae,saguinus_mystax,squamata,squamata,NA,platyrrhine
haplorrhini,simmiformes,callitrichidae,saguinus_oedipus,amphibia,anura,NA,platyrrhine
haplorrhini,simmiformes,callitrichidae,saguinus_oedipus,squamata,squamata,NA,platyrrhine
haplorrhini,simmiformes,cebidae,cebus_albifrons,amphibia,anura,NA,platyrrhine
haplorrhini,simmiformes,cebidae,cebus_albifrons,squamata,squamata,NA,platyrrhine
haplorrhini,simmiformes,cebidae,cebus_albifrons,aves,passeriformes,Icteridae,platyrrhine
haplorrhini,simmiformes,cebidae,cebus_albifrons,mammalia,rodentia,Muridae,platyrrhine
haplorrhini,simmiformes,cebidae,cebus_albifrons,mammalia,didelphimorphia,Didelphidae,platyrrhine
haplorrhini,simmiformes,cebidae,cebus_capucinus,amphibia,anura,NA,platyrrhine
haplorrhini,simmiformes,cebidae,cebus_capucinus,squamata,squamata,Iguanidae,platyrrhine
haplorrhini,simmiformes,cebidae,cebus_capucinus,squamata,squamata,Anolidae,platyrrhine
haplorrhini,simmiformes,cebidae,cebus_capucinus,squamata,NA,NA,platyrrhine
haplorrhini,simmiformes,cebidae,cebus_capucinus,aves,columbiformes,Columbidae,platyrrhine
haplorrhini,simmiformes,cebidae,cebus_capucinus,aves,cuculiformes,Cuculidae,platyrrhine
haplorrhini,simmiformes,cebidae,cebus_capucinus,aves,galliformes,Cracidae,platyrrhine
haplorrhini,simmiformes,cebidae,cebus_capucinus,aves,galliformes,Cracidae,platyrrhine
haplorrhini,simmiformes,cebidae,cebus_capucinus,aves,passeriformes,Corvidae,platyrrhine
haplorrhini,simmiformes,cebidae,cebus_capucinus,aves,passeriformes,Troglodytidae,platyrrhine
haplorrhini,simmiformes,cebidae,cebus_capucinus,aves,passeriformes,Troglodytidae,platyrrhine
haplorrhini,simmiformes,cebidae,cebus_capucinus,aves,NA,NA,platyrrhine
haplorrhini,simmiformes,cebidae,cebus_capucinus,aves,psittaciformes,Psittacidae,platyrrhine
haplorrhini,simmiformes,cebidae,cebus_capucinus,aves,psittaciformes,NA,platyrrhine
haplorrhini,simmiformes,cebidae,cebus_capucinus,aves,tinaniformes,Tinanidae,platyrrhine
haplorrhini,simmiformes,cebidae,cebus_capucinus,aves,trogoniformes,Trogonidae,platyrrhine
haplorrhini,simmiformes,cebidae,cebus_capucinus,aves,unspecified,NA,platyrrhine
haplorrhini,simmiformes,cebidae,cebus_capucinus,mammalia,carnivora,Procyanidae,platyrrhine
haplorrhini,simmiformes,cebidae,cebus_capucinus,mammalia,chiroptera,NA,platyrrhine
haplorrhini,simmiformes,cebidae,cebus_capucinus,mammalia,rodentia,Sciuridae,platyrrhine
haplorrhini,simmiformes,cebidae,cebus_capucinus,mammalia,rodentia,Sciuridae,platyrrhine
haplorrhini,simmiformes,cebidae,cebus_capucinus,mammalia,rodentia,Echimyidae,platyrrhine
haplorrhini,simmiformes,cebidae,cebus_cay,aves,passeriformes,Furnariidae,platyrrhine
haplorrhini,simmiformes,cebidae,cebus_cay,aves,pelicaniformes,Threskiornithidae,platyrrhine
haplorrhini,simmiformes,cebidae,cebus_cay,mammalia,rodentia,Cricetidae,platyrrhine
haplorrhini,simmiformes,cebidae,cebus_olivaceus,amphibia,anura,NA,platyrrhine
haplorrhini,simmiformes,cebidae,cebus_olivaceus,squamata,squamata,Iguanidae,platyrrhine
haplorrhini,simmiformes,cebidae,cebus_olivaceus,aves,columbiformes,Columbidae,platyrrhine
haplorrhini,simmiformes,cebidae,cebus_olivaceus,aves,columbiformes,Columbidae,platyrrhine
haplorrhini,simmiformes,cebidae,cebus_olivaceus,aves,cuculiformes,Cuculidae,platyrrhine
haplorrhini,simmiformes,cebidae,cebus_olivaceus,aves,galliformes,Cracidae,platyrrhine
haplorrhini,simmiformes,cebidae,cebus_olivaceus,aves,gruiformes,Rallidae,platyrrhine
haplorrhini,simmiformes,cebidae,cebus_olivaceus,aves,opisthocomiformes,Opisthocomidae,platyrrhine
haplorrhini,simmiformes,cebidae,cebus_olivaceus,aves,passeriformes,Tyrannidae,platyrrhine
haplorrhini,simmiformes,cebidae,cebus_olivaceus,aves,pelicaniformes,Threskiornithidae,platyrrhine
haplorrhini,simmiformes,cebidae,cebus_olivaceus,aves,struthioniformes,Tinamidae,platyrrhine
haplorrhini,simmiformes,cebidae,cebus_olivaceus,aves,NA,NA,platyrrhine
haplorrhini,simmiformes,cebidae,cebus_olivaceus,mammalia,rodentia,Sciuridae,platyrrhine
haplorrhini,simmiformes,cebidae,saimiri_boliviensis,squamata,squamata,NA,platyrrhine
haplorrhini,simmiformes,cebidae,saimiri_boliviensis,amphibia,anura,NA,platyrrhine
haplorrhini,simmiformes,cebidae,saimiri_boliviensis,aves,NA,NA,platyrrhine
haplorrhini,simmiformes,cebidae,saimiri_cassaquiarensis,vertebrata,NA,NA,platyrrhine
haplorrhini,simmiformes,cebidae,saimiri_oerstedii,amphibia,anura,NA,platyrrhine
haplorrhini,simmiformes,cebidae,saimiri_oerstedii,squamata,squamata,NA,platyrrhine
haplorrhini,simmiformes,cebidae,saimiri_oerstedii,aves,NA,NA,platyrrhine
haplorrhini,simmiformes,cebidae,saimiri_oerstedii,mammalia,chiroptera,Phyllostomidae,platyrrhine
haplorrhini,simmiformes,cebidae,saimiri_sciureus,amphibia,anura,Hylidae,platyrrhine
haplorrhini,simmiformes,cebidae,saimiri_sciureus,amphibia,anura,Hylidae,platyrrhine
haplorrhini,simmiformes,cebidae,sapajus_apella,amphibia,anura,NA,platyrrhine
haplorrhini,simmiformes,cebidae,sapajus_apella,amphibia,anura,Hyelidae,platyrrhine
haplorrhini,simmiformes,cebidae,sapajus_apella,squamata,reptilia,Squamata,platyrrhine
haplorrhini,simmiformes,cebidae,sapajus_apella,aves,columbiformes,Columbidae,platyrrhine
haplorrhini,simmiformes,cebidae,sapajus_apella,aves,opisthocomiformes,Opithocomidae,platyrrhine
haplorrhini,simmiformes,cebidae,sapajus_apella,aves,passeriformes,Cardinalidae,platyrrhine
haplorrhini,simmiformes,cebidae,sapajus_apella,aves,passeriformes,Grallariidae,platyrrhine
haplorrhini,simmiformes,cebidae,sapajus_apella,aves,passeriformes,Icteridae,platyrrhine
haplorrhini,simmiformes,cebidae,sapajus_apella,aves,passeriformes,Icteridae,platyrrhine
haplorrhini,simmiformes,cebidae,sapajus_apella,aves,passeriformes,Thamnophilidae,platyrrhine
haplorrhini,simmiformes,cebidae,sapajus_apella,aves,passeriformes,Thamnophilidae,platyrrhine
haplorrhini,simmiformes,cebidae,sapajus_apella,aves,passeriformes,Thraupidae,platyrrhine
haplorrhini,simmiformes,cebidae,sapajus_apella,aves,passeriformes,Thraupidae,platyrrhine
haplorrhini,simmiformes,cebidae,sapajus_apella,aves,passeriformes,Trogloditidae,platyrrhine
haplorrhini,simmiformes,cebidae,sapajus_apella,aves,passeriformes,Tyrannidae,platyrrhine
haplorrhini,simmiformes,cebidae,sapajus_apella,aves,passeriformes,Tyrannidae,platyrrhine
haplorrhini,simmiformes,cebidae,sapajus_apella,aves,passeriformes,Tyrannidae,platyrrhine
haplorrhini,simmiformes,cebidae,sapajus_apella,aves,passeriformes,Tyrannidae,platyrrhine
haplorrhini,simmiformes,cebidae,sapajus_apella,aves,passeriformes,Tyrannidae,platyrrhine
haplorrhini,simmiformes,cebidae,sapajus_apella,aves,pelicaniformes,Ardeidae,platyrrhine
haplorrhini,simmiformes,cebidae,sapajus_apella,aves,piciformes,Picidae,platyrrhine
haplorrhini,simmiformes,cebidae,sapajus_apella,aves,psittaciformes,Psittacidae,platyrrhine
haplorrhini,simmiformes,cebidae,sapajus_apella,aves,psittaciformes,Psittacidae,platyrrhine
haplorrhini,simmiformes,cebidae,sapajus_apella,aves,tinnaniformes,Tinanidae,platyrrhine
haplorrhini,simmiformes,cebidae,sapajus_apella,aves,NA,NA,platyrrhine
haplorrhini,simmiformes,cebidae,sapajus_apella,mammalia,chiroptera,Emballanuridae,platyrrhine
haplorrhini,simmiformes,cebidae,sapajus_apella,mammalia,didelphimorphia,Didelphidae,platyrrhine
haplorrhini,simmiformes,cebidae,sapajus_apella,mammalia,primates,Aotidae,platyrrhine
haplorrhini,simmiformes,cebidae,sapajus_apella,mammalia,primates,Pitheciidae,platyrrhine
haplorrhini,simmiformes,cebidae,sapajus_apella,mammalia,primates,Pitheciidae,platyrrhine
haplorrhini,simmiformes,cebidae,sapajus_apella,mammalia,rodentia,Cricetidae,platyrrhine
haplorrhini,simmiformes,cebidae,sapajus_apella,mammalia,rodentia,Muridae,platyrrhine
haplorrhini,simmiformes,cebidae,sapajus_apella,mammalia,rodentia,Muridae,platyrrhine
haplorrhini,simmiformes,cebidae,sapajus_apella,mammalia,rodentia,Sciuridae,platyrrhine
haplorrhini,simmiformes,cebidae,sapajus_apella,mammalia,rodentia,Sciuridae,platyrrhine
haplorrhini,simmiformes,cebidae,sapajus_flavius,squamata,squamata,Iguanidae,platyrrhine
haplorrhini,simmiformes,cebidae,sapajus_flavius,squamata,squamata,Teiidae,platyrrhine
haplorrhini,simmiformes,cebidae,sapajus_flavius,squamata,squamata,Teiidae,platyrrhine
haplorrhini,simmiformes,cebidae,sapajus_libidinosus,squamata,squamata,Colubridae,platyrrhine
haplorrhini,simmiformes,cebidae,sapajus_libidinosus,squamata,squamata,Tropiduridae,platyrrhine
haplorrhini,simmiformes,cebidae,sapajus_nigritus,aves,pelicaniformes,Ardeidae,platyrrhine
haplorrhini,simmiformes,cebidae,sapajus_nigritus,aves,piciformes,Picidae,platyrrhine
haplorrhini,simmiformes,cebidae,sapajus_xanthosternos,mammalia,primates,Callitrichidae,platyrrhine
haplorrhini,simmiformes,pitheciidae,cacajao_calvus,squamata,squamata,NA,platyrrhine
haplorrhini,simmiformes,pitheciidae,cacajao_melanocephala,amphibia,anura,NA,platyrrhine
haplorrhini,simmiformes,pitheciidae,cacajao_ouakary,squamata,chelonidae,NA,platyrrhine
haplorrhini,simmiformes,pitheciidae,callicebus_coimbrai,aves,passeriformes,Turdidae,platyrrhine
haplorrhini,simmiformes,cercopithecidae,allenopithecus_nigroviridis,teleostei,NA,NA,catarrhine
haplorrhini,simmiformes,cercopithecidae,cercocebus_galeritus,amphibia,anura,NA,catarrhine
haplorrhini,simmiformes,cercopithecidae,cercopithecus_ascanius,aves,columbiformes,Columbidae,catarrhine
haplorrhini,simmiformes,cercopithecidae,cercopithecus_campbelli,amphibia,anura,NA,catarrhine
haplorrhini,simmiformes,cercopithecidae,cercopithecus_cephus,aves,NA,NA,catarrhine
haplorrhini,simmiformes,cercopithecidae,cercopithecus_petaurista,amphibia,anura,Hylobatidae,catarrhine
haplorrhini,simmiformes,cercopithecidae,cercopithecus_diana,amphibia,anura,Hylobatidae,catarrhine
haplorrhini,simmiformes,cercopithecidae,cercopithecus_lhoesti,aves,"birds, unid. spp. e125",NA,catarrhine
haplorrhini,simmiformes,cercopithecidae,cercopithecus_mitis,squamata,squamata,NA,catarrhine
haplorrhini,simmiformes,cercopithecidae,cercopithecus_mitis,aves,galliformes,Numididae,catarrhine
haplorrhini,simmiformes,cercopithecidae,cercopithecus_mitis,aves,passeriformes,Cisticolidae,catarrhine
haplorrhini,simmiformes,cercopithecidae,cercopithecus_mitis,aves,passeriformes,Cisticolidae,catarrhine
haplorrhini,simmiformes,cercopithecidae,cercopithecus_mitis,aves,passeriformes,Locustellidae,catarrhine
haplorrhini,simmiformes,cercopithecidae,cercopithecus_mitis,aves,passeriformes,Pycnonotidae,catarrhine
haplorrhini,simmiformes,cercopithecidae,cercopithecus_mitis,aves,strigiformes,Strigidae,catarrhine
haplorrhini,simmiformes,cercopithecidae,cercopithecus_mitis,aves,NA,NA,catarrhine
haplorrhini,simmiformes,cercopithecidae,cercopithecus_mitis,mammalia,primates,Galagidae,catarrhine
haplorrhini,simmiformes,cercopithecidae,cercopithecus_mitis,mammalia,rodentia,Muridae,catarrhine
haplorrhini,simmiformes,cercopithecidae,cercopithecus_mitis,mammalia,rodentia,Sciuridae,catarrhine
haplorrhini,simmiformes,cercopithecidae,cercopithecus_mitis,mammalia,rodentia,NA,catarrhine
haplorrhini,simmiformes,cercopithecidae,cercopithecus_neglectus,teleostei,NA,NA,catarrhine
haplorrhini,simmiformes,cercopithecidae,chlorocebus_pygerythrus,aves,passeriformes,Ploceidae,catarrhine
haplorrhini,simmiformes,cercopithecidae,chlorocebus_pygerythrus,aves,pelicaniformes,Ardeidae,catarrhine
haplorrhini,simmiformes,cercopithecidae,chlorocebus_sabaeus,squamata,squamata,Agamidae,catarrhine
haplorrhini,simmiformes,cercopithecidae,chlorocebus_sabaeus,squamata,squamata,Chamaeleonidae,catarrhine
haplorrhini,simmiformes,cercopithecidae,chlorocebus_sabaeus,aves,bucerotiformes,Bucerotidae,catarrhine
haplorrhini,simmiformes,cercopithecidae,chlorocebus_sabaeus,aves,columbiformes,Columbidae,catarrhine
haplorrhini,simmiformes,cercopithecidae,chlorocebus_sabaeus,aves,passeriformes,Passeridae,catarrhine
haplorrhini,simmiformes,cercopithecidae,chlorocebus_sabaeus,mammalia,lagomorpha,Leporidae,catarrhine
haplorrhini,simmiformes,cercopithecidae,chlorocebus_sabaeus,mammalia,rodentia,Muridae,catarrhine
haplorrhini,simmiformes,cercopithecidae,erythrocebus_patas,squamata,squamata,Agamidae,catarrhine
haplorrhini,simmiformes,cercopithecidae,erythrocebus_patas,squamata,squamata,NA,catarrhine
haplorrhini,simmiformes,cercopithecidae,macaca_assamensis,amphibia,NA,NA,catarrhine
haplorrhini,simmiformes,cercopithecidae,macaca_assamensis,squamata,NA,NA,catarrhine
haplorrhini,simmiformes,cercopithecidae,macaca_assamensis,aves,NA,NA,catarrhine
haplorrhini,simmiformes,cercopithecidae,macaca_assamensis,mammalia,NA,NA,catarrhine
haplorrhini,simmiformes,cercopithecidae,macaca_assamensis,vertebrata,NA,NA,catarrhine
haplorrhini,simmiformes,cercopithecidae,macaca_fascicularis,teleostei,NA,NA,catarrhine
haplorrhini,simmiformes,cercopithecidae,macaca_fascicularis,amphibia,anura,NA,catarrhine
haplorrhini,simmiformes,cercopithecidae,macaca_fuscata,amphibia,anura,Hylidae,catarrhine
haplorrhini,simmiformes,cercopithecidae,macaca_fuscata,amphibia,anura,Ranidae,catarrhine
haplorrhini,simmiformes,cercopithecidae,macaca_fuscata,amphibia,anura,NA,catarrhine
haplorrhini,simmiformes,cercopithecidae,macaca_fuscata,squamata,squamata,Scincidae,catarrhine
haplorrhini,simmiformes,cercopithecidae,macaca_fuscata,squamata,squamata,Gekkonidae,catarrhine
haplorrhini,simmiformes,cercopithecidae,macaca_fuscata,squamata,squamata,NA,catarrhine
haplorrhini,simmiformes,cercopithecidae,macaca_fuscata,aves,passeriformes,Zosteropidae,catarrhine
haplorrhini,simmiformes,cercopithecidae,macaca_leonina,aves,cuculiformes,Cuculidae,catarrhine
haplorrhini,simmiformes,cercopithecidae,macaca_leonina,aves,galliformes,Phasianidae,catarrhine
haplorrhini,simmiformes,cercopithecidae,macaca_leonina,aves,NA,NA,catarrhine
haplorrhini,simmiformes,cercopithecidae,macaca_leonina,mammalia,rodentia,Sciuridae,catarrhine
haplorrhini,simmiformes,cercopithecidae,macaca_nemestrina,mammalia,rodentia,Muridae,catarrhine
haplorrhini,simmiformes,cercopithecidae,macaca_nemestrina,vertebrata,NA,NA,catarrhine
haplorrhini,simmiformes,cercopithecidae,macaca_nigra,amphibia,anura,NA,catarrhine
haplorrhini,simmiformes,cercopithecidae,macaca_nigra,squamata,squamata,Gekkonidae,catarrhine
haplorrhini,simmiformes,cercopithecidae,macaca_nigra,aves,galliformes,Phasianidae,catarrhine
haplorrhini,simmiformes,cercopithecidae,macaca_nigra,aves,passeriformes,Monarchidae,catarrhine
haplorrhini,simmiformes,cercopithecidae,macaca_nigra,mammalia,chiroptera,Pteropodidae,catarrhine
haplorrhini,simmiformes,cercopithecidae,macaca_radiata,squamata,squamata,NA,catarrhine
haplorrhini,simmiformes,cercopithecidae,macaca_silenus,mammalia,rodentia,Sciuridae,catarrhine
haplorrhini,simmiformes,cercopithecidae,macaca_sinica,amphibia,NA,NA,catarrhine
haplorrhini,simmiformes,cercopithecidae,macaca_sinica,squamata,NA,NA,catarrhine
haplorrhini,simmiformes,cercopithecidae,macaca_sinica,mammalia,NA,NA,catarrhine
haplorrhini,simmiformes,cercopithecidae,mandrillus_leucophaeus,amphibia,anura,NA,catarrhine
haplorrhini,simmiformes,cercopithecidae,mandrillus_leucophaeus,mammalia,rodentia,Muridae,catarrhine
haplorrhini,simmiformes,cercopithecidae,mandrillus_sphinx,amphibia,anura,NA,catarrhine
haplorrhini,simmiformes,cercopithecidae,mandrillus_sphinx,squamata,testudines,Testudinidae,catarrhine
haplorrhini,simmiformes,cercopithecidae,mandrillus_sphinx,mammalia,artiodactyla,Bovidae,catarrhine
haplorrhini,simmiformes,cercopithecidae,mandrillus_sphinx,mammalia,eulipotyphla,Soricidae,catarrhine
haplorrhini,simmiformes,cercopithecidae,mandrillus_sphinx,mammalia,rodentia,Muridae,catarrhine
haplorrhini,simmiformes,cercopithecidae,miopithecus_talapoensis,aves,NA,NA,catarrhine
haplorrhini,simmiformes,cercopithecidae,miopithecus_talapoensis,mammalia,rodentia,NA,catarrhine
haplorrhini,simmiformes,cercopithecidae,papio_anubis,teleostei,cypriniformes,Ciprinidae,catarrhine
haplorrhini,simmiformes,cercopithecidae,papio_anubis,teleostei,NA,NA,catarrhine
haplorrhini,simmiformes,cercopithecidae,papio_anubis,squamata,squamata,NA,catarrhine
haplorrhini,simmiformes,cercopithecidae,papio_anubis,squamata,squamata,Gekkonidae,catarrhine
haplorrhini,simmiformes,cercopithecidae,papio_anubis,squamata,squamata,Chamaeleonidae,catarrhine
haplorrhini,simmiformes,cercopithecidae,papio_anubis,squamata,squamata,Scincidae,catarrhine
haplorrhini,simmiformes,cercopithecidae,papio_anubis,squamata,squamata,Varanidae,catarrhine
haplorrhini,simmiformes,cercopithecidae,papio_anubis,squamata,NA,NA,catarrhine
haplorrhini,simmiformes,cercopithecidae,papio_anubis,aves,charadriiformes,Turnicidae,catarrhine
haplorrhini,simmiformes,cercopithecidae,papio_anubis,aves,galliformes,Numididae,catarrhine
haplorrhini,simmiformes,cercopithecidae,papio_anubis,aves,galliformes,Phasianidae,catarrhine
haplorrhini,simmiformes,cercopithecidae,papio_anubis,aves,NA,NA,catarrhine
haplorrhini,simmiformes,cercopithecidae,papio_anubis,mammalia,artiodactyla,Bovidae,catarrhine
haplorrhini,simmiformes,cercopithecidae,papio_anubis,mammalia,artiodactyla,Bovidae,catarrhine
haplorrhini,simmiformes,cercopithecidae,papio_anubis,mammalia,artiodactyla,Bovidae,catarrhine
haplorrhini,simmiformes,cercopithecidae,papio_anubis,mammalia,artiodactyla,Bovidae,catarrhine
haplorrhini,simmiformes,cercopithecidae,papio_anubis,mammalia,artiodactyla,Bovidae,catarrhine
haplorrhini,simmiformes,cercopithecidae,papio_anubis,mammalia,artiodactyla,Bovidae,catarrhine
haplorrhini,simmiformes,cercopithecidae,papio_anubis,mammalia,artiodactyla,Bovidae,catarrhine
haplorrhini,simmiformes,cercopithecidae,papio_anubis,mammalia,artiodactyla,Bovidae,catarrhine
haplorrhini,simmiformes,cercopithecidae,papio_anubis,mammalia,chiroptera,Pterypodidae,catarrhine
haplorrhini,simmiformes,cercopithecidae,papio_anubis,mammalia,lagomorpha,Leporidae,catarrhine
haplorrhini,simmiformes,cercopithecidae,papio_anubis,mammalia,rodentia,Muridae,catarrhine
haplorrhini,simmiformes,cercopithecidae,papio_cynocephalus,amphibia,anura,NA,catarrhine
haplorrhini,simmiformes,cercopithecidae,papio_cynocephalus,squamata,squamata,NA,catarrhine
haplorrhini,simmiformes,cercopithecidae,papio_cynocephalus,squamata,squamata,NA,catarrhine
haplorrhini,simmiformes,cercopithecidae,papio_cynocephalus,aves,galliformes,Numididae,catarrhine
haplorrhini,simmiformes,cercopithecidae,papio_cynocephalus,aves,galliformes,NA,catarrhine
haplorrhini,simmiformes,cercopithecidae,papio_cynocephalus,mammalia,artiodactyla,Bovidae,catarrhine
haplorrhini,simmiformes,cercopithecidae,papio_cynocephalus,mammalia,artiodactyla,NA,catarrhine
haplorrhini,simmiformes,cercopithecidae,papio_cynocephalus,mammalia,artiodactyla,NA,catarrhine
haplorrhini,simmiformes,cercopithecidae,papio_cynocephalus,mammalia,artiodactyla,NA,catarrhine
haplorrhini,simmiformes,cercopithecidae,papio_cynocephalus,mammalia,artiodactyla,NA,catarrhine
haplorrhini,simmiformes,cercopithecidae,papio_cynocephalus,mammalia,artiodactyla,NA,catarrhine
haplorrhini,simmiformes,cercopithecidae,papio_cynocephalus,mammalia,lagomorpha,Leporidae,catarrhine
haplorrhini,simmiformes,cercopithecidae,papio_cynocephalus,mammalia,primates,Cercopithecidae,catarrhine
haplorrhini,simmiformes,cercopithecidae,papio_cynocephalus,mammalia,primates,Galagidae,catarrhine
haplorrhini,simmiformes,cercopithecidae,papio_cynocephalus,mammalia,rodentia,Bathyergidae,catarrhine
haplorrhini,simmiformes,cercopithecidae,papio_hamadryas,squamata,squamata,Lacertidae,catarrhine
haplorrhini,simmiformes,cercopithecidae,papio_hamadryas,aves,galliformes,Phasianidae,catarrhine
haplorrhini,simmiformes,cercopithecidae,papio_hamadryas,aves,galliformes,Phasianidae,catarrhine
haplorrhini,simmiformes,cercopithecidae,papio_hamadryas,aves,NA,NA,catarrhine
haplorrhini,simmiformes,cercopithecidae,papio_hamadryas,mammalia,artiodactyla,Bovidae,catarrhine
haplorrhini,simmiformes,cercopithecidae,papio_hamadryas,mammalia,NA,NA,catarrhine
haplorrhini,simmiformes,cercopithecidae,papio_hamadryas,mammalia,hyracoidea,Procavidae,catarrhine
haplorrhini,simmiformes,cercopithecidae,papio_hamadryas,mammalia,lagomorpha,Leporidae,catarrhine
haplorrhini,simmiformes,cercopithecidae,papio_papio,aves,NA,NA,catarrhine
haplorrhini,simmiformes,cercopithecidae,papio_papio,mammalia,lagomorpha,Leporidae,catarrhine
haplorrhini,simmiformes,cercopithecidae,papio_papio,mammalia,artiodactyla,Bovidae,catarrhine
haplorrhini,simmiformes,cercopithecidae,papio_ursinus,teleostei,cypriniformes,Ciprinidae,catarrhine
haplorrhini,simmiformes,cercopithecidae,papio_ursinus,teleostei,cypriniformes,Ciprinidae,catarrhine
haplorrhini,simmiformes,cercopithecidae,papio_ursinus,teleostei,perciformes,Cichlidae,catarrhine
haplorrhini,simmiformes,cercopithecidae,papio_ursinus,squamata,testudines,Testudinidae,catarrhine
haplorrhini,simmiformes,cercopithecidae,papio_ursinus,aves,galliformes,Phasianidae,catarrhine
haplorrhini,simmiformes,cercopithecidae,papio_ursinus,aves,NA,NA,catarrhine
haplorrhini,simmiformes,cercopithecidae,papio_ursinus,mammalia,artiodacytla,Bovidae,catarrhine
haplorrhini,simmiformes,cercopithecidae,papio_ursinus,mammalia,artiodacytla,Bovidae,catarrhine
haplorrhini,simmiformes,cercopithecidae,papio_ursinus,mammalia,artiodacytla,Bovidae,catarrhine
haplorrhini,simmiformes,cercopithecidae,papio_ursinus,mammalia,lagomorpha,Leporidae,catarrhine
haplorrhini,simmiformes,cercopithecidae,papio_ursinus,mammalia,primates,Cercopithecidae,catarrhine
haplorrhini,simmiformes,cercopithecidae,papio_ursinus,mammalia,rodentia,Sciuridae,catarrhine
haplorrhini,simmiformes,cercopithecidae,rhinopithecus_bieti,aves,NA,NA,catarrhine
haplorrhini,simmiformes,cercopithecidae,rhinopithecus_bieti,mammalia,rodentia,Anomaluridae,catarrhine
haplorrhini,simmiformes,hylobatidae,hoolock_leuconedys,aves,NA,NA,catarrhine
haplorrhini,simmiformes,hylobatidae,hylobates_lar,aves,NA,NA,catarrhine
haplorrhini,simmiformes,hylobatidae,nomascus_concolor,aves,NA,NA,catarrhine
haplorrhini,simmiformes,pongidae,pongo_abelii,mammalia,primates,Lorisidae,catarrhine
haplorrhini,simmiformes,pongidae,pongo_pygmaeus,teleostei,siluriformes,Siluridae,catarrhine
haplorrhini,simmiformes,pongidae,pongo_pygmaeus,teleostei,siluriformes,Siluridae,catarrhine
haplorrhini,simmiformes,pongidae,pongo_pygmaeus,teleostei,anabantiformes,Channidae,catarrhine
haplorrhini,simmiformes,pongidae,pongo_pygmaeus,mammalia,rodentia,Sciuridae,catarrhine
haplorrhini,simmiformes,pongidae,pongo_pygmaeus,mammalia,rodentia,Muridae,catarrhine
haplorrhini,simmiformes,hominidae,pan_paniscus,aves,NA,NA,catarrhine
haplorrhini,simmiformes,hominidae,pan_paniscus,mammalia,artiodactyla,Bovidae,catarrhine
haplorrhini,simmiformes,hominidae,pan_paniscus,mammalia,artiodactyla,Bovidae,catarrhine
haplorrhini,simmiformes,hominidae,pan_paniscus,mammalia,artiodactyla,Bovidae,catarrhine
haplorrhini,simmiformes,hominidae,pan_paniscus,mammalia,artiodactyla,Bovidae,catarrhine
haplorrhini,simmiformes,hominidae,pan_paniscus,mammalia,artiodactyla,Bovidae,catarrhine
haplorrhini,simmiformes,hominidae,pan_paniscus,mammalia,artiodactyla,Suidae,catarrhine
haplorrhini,simmiformes,hominidae,pan_paniscus,mammalia,artiodactyla,Tragulidae,catarrhine
haplorrhini,simmiformes,hominidae,pan_paniscus,mammalia,chiroptera,NA,catarrhine
haplorrhini,simmiformes,hominidae,pan_paniscus,mammalia,eulipotyphla,NA,catarrhine
haplorrhini,simmiformes,hominidae,pan_paniscus,mammalia,primates,Cercopithecidae,catarrhine
haplorrhini,simmiformes,hominidae,pan_paniscus,mammalia,primates,Cercopithecidae,catarrhine
haplorrhini,simmiformes,hominidae,pan_paniscus,mammalia,primates,Cercopithecidae,catarrhine
haplorrhini,simmiformes,hominidae,pan_paniscus,mammalia,primates,Colobidae,catarrhine
haplorrhini,simmiformes,hominidae,pan_paniscus,mammalia,primates,Galagidae,catarrhine
haplorrhini,simmiformes,hominidae,pan_paniscus,mammalia,rodentia,Anomaluridae,catarrhine
haplorrhini,simmiformes,hominidae,pan_paniscus,mammalia,rodentia,Sciuridae,catarrhine
haplorrhini,simmiformes,hominidae,pan_paniscus,mammalia,rodentia,Sciuridae,catarrhine
haplorrhini,simmiformes,hominidae,pan_paniscus,mammalia,rodentia,Sciuridae,catarrhine
haplorrhini,simmiformes,hominidae,pan_troglodytes_troglodytes,teleostei,NA,NA,catarrhine
haplorrhini,simmiformes,hominidae,pan_troglodytes_troglodytes,squamata,testudines,Testudinidae,catarrhine
haplorrhini,simmiformes,hominidae,pan_troglodytes_troglodytes,aves,accipitriformes,Accipitridae,catarrhine
haplorrhini,simmiformes,hominidae,pan_troglodytes_troglodytes,aves,accipitriformes,Accipitridae,catarrhine
haplorrhini,simmiformes,hominidae,pan_troglodytes_troglodytes,aves,buceratiformes,Buceratidae,catarrhine
haplorrhini,simmiformes,hominidae,pan_troglodytes_troglodytes,aves,buceratiformes,Buceratidae,catarrhine
haplorrhini,simmiformes,hominidae,pan_troglodytes_troglodytes,aves,cuculiformes,Cuculidae,catarrhine
haplorrhini,simmiformes,hominidae,pan_troglodytes_troglodytes,aves,galliformes,Numididae,catarrhine
haplorrhini,simmiformes,hominidae,pan_troglodytes_troglodytes,aves,galliformes,Numididae,catarrhine
haplorrhini,simmiformes,hominidae,pan_troglodytes_troglodytes,aves,galliformes,Numididae,catarrhine
haplorrhini,simmiformes,hominidae,pan_troglodytes_troglodytes,aves,galliformes,Phasianidae,catarrhine
haplorrhini,simmiformes,hominidae,pan_troglodytes_troglodytes,aves,galliformes,Phasianidae,catarrhine
haplorrhini,simmiformes,hominidae,pan_troglodytes_troglodytes,aves,galliformes,Phasianidae,catarrhine
haplorrhini,simmiformes,hominidae,pan_troglodytes_troglodytes,aves,passeriformes,Colombidae,catarrhine
haplorrhini,simmiformes,hominidae,pan_troglodytes_troglodytes,aves,passeriformes,Corvidae,catarrhine
haplorrhini,simmiformes,hominidae,pan_troglodytes_troglodytes,aves,passeriformes,Corvidae,catarrhine
haplorrhini,simmiformes,hominidae,pan_troglodytes_troglodytes,aves,passeriformes,Moticillidae,catarrhine
haplorrhini,simmiformes,hominidae,pan_troglodytes_troglodytes,aves,passeriformes,Ploceidae,catarrhine
haplorrhini,simmiformes,hominidae,pan_troglodytes_troglodytes,aves,passeriformes,Ploceidae,catarrhine
haplorrhini,simmiformes,hominidae,pan_troglodytes_troglodytes,aves,passeriformes,Pycnonotidae,catarrhine
haplorrhini,simmiformes,hominidae,pan_troglodytes_troglodytes,aves,passeriformes,Viduidae,catarrhine
haplorrhini,simmiformes,hominidae,pan_troglodytes_troglodytes,aves,piciformes,Picidae,catarrhine
haplorrhini,simmiformes,hominidae,pan_troglodytes_troglodytes,aves,strigiformes,Strigidae,catarrhine
haplorrhini,simmiformes,hominidae,pan_troglodytes_troglodytes,aves,unspecified,NA,catarrhine
haplorrhini,simmiformes,hominidae,pan_troglodytes_troglodytes,mammalia,artiodactyla,Bovidae,catarrhine
haplorrhini,simmiformes,hominidae,pan_troglodytes_troglodytes,mammalia,artiodactyla,Bovidae,catarrhine
haplorrhini,simmiformes,hominidae,pan_troglodytes_troglodytes,mammalia,artiodactyla,Bovidae,catarrhine
haplorrhini,simmiformes,hominidae,pan_troglodytes_troglodytes,mammalia,artiodactyla,Bovidae,catarrhine
haplorrhini,simmiformes,hominidae,pan_troglodytes_troglodytes,mammalia,artiodactyla,Bovidae,catarrhine
haplorrhini,simmiformes,hominidae,pan_troglodytes_troglodytes,mammalia,artiodactyla,Bovidae,catarrhine
haplorrhini,simmiformes,hominidae,pan_troglodytes_troglodytes,mammalia,artiodactyla,Bovidae,catarrhine
haplorrhini,simmiformes,hominidae,pan_troglodytes_troglodytes,mammalia,artiodactyla,Suidae,catarrhine
haplorrhini,simmiformes,hominidae,pan_troglodytes_troglodytes,mammalia,artiodactyla,Suidae,catarrhine
haplorrhini,simmiformes,hominidae,pan_troglodytes_troglodytes,mammalia,carnivora,Felidae,catarrhine
haplorrhini,simmiformes,hominidae,pan_troglodytes_troglodytes,mammalia,carnivora,Viverridae,catarrhine
haplorrhini,simmiformes,hominidae,pan_troglodytes_troglodytes,mammalia,carnivora,Viverridae,catarrhine
haplorrhini,simmiformes,hominidae,pan_troglodytes_troglodytes,mammalia,carnivora,Viverridae,catarrhine
haplorrhini,simmiformes,hominidae,pan_troglodytes_troglodytes,mammalia,macroscelidea,Macroscelididae,catarrhine
haplorrhini,simmiformes,hominidae,pan_troglodytes_troglodytes,mammalia,pholidota,Manidae,catarrhine
haplorrhini,simmiformes,hominidae,pan_troglodytes_troglodytes,mammalia,pholidota,Manidae,catarrhine
haplorrhini,simmiformes,hominidae,pan_troglodytes_troglodytes,mammalia,primates,Cercopithecidae,catarrhine
haplorrhini,simmiformes,hominidae,pan_troglodytes_troglodytes,mammalia,primates,Cercopithecidae,catarrhine
haplorrhini,simmiformes,hominidae,pan_troglodytes_troglodytes,mammalia,primates,Cercopithecidae,catarrhine
haplorrhini,simmiformes,hominidae,pan_troglodytes_troglodytes,mammalia,primates,Cercopithecidae,catarrhine
haplorrhini,simmiformes,hominidae,pan_troglodytes_troglodytes,mammalia,primates,Cercopithecidae,catarrhine
haplorrhini,simmiformes,hominidae,pan_troglodytes_troglodytes,mammalia,primates,Cercopithecidae,catarrhine
haplorrhini,simmiformes,hominidae,pan_troglodytes_troglodytes,mammalia,primates,Cercopithecidae,catarrhine
haplorrhini,simmiformes,hominidae,pan_troglodytes_troglodytes,mammalia,primates,Cercopithecidae,catarrhine
haplorrhini,simmiformes,hominidae,pan_troglodytes_troglodytes,mammalia,primates,Cercopithecidae,catarrhine
haplorrhini,simmiformes,hominidae,pan_troglodytes_troglodytes,mammalia,primates,Cercopithecidae,catarrhine
haplorrhini,simmiformes,hominidae,pan_troglodytes_troglodytes,mammalia,primates,Cercopithecidae,catarrhine
haplorrhini,simmiformes,hominidae,pan_troglodytes_troglodytes,mammalia,primates,Cercopithecidae,catarrhine
haplorrhini,simmiformes,hominidae,pan_troglodytes_troglodytes,mammalia,primates,Cercopithecidae,catarrhine
haplorrhini,simmiformes,hominidae,pan_troglodytes_troglodytes,mammalia,primates,Cercopithecidae,catarrhine
haplorrhini,simmiformes,hominidae,pan_troglodytes_troglodytes,mammalia,primates,Cercopithecidae,catarrhine
haplorrhini,simmiformes,hominidae,pan_troglodytes_troglodytes,mammalia,primates,Cercopithecidae,catarrhine
haplorrhini,simmiformes,hominidae,pan_troglodytes_troglodytes,mammalia,primates,Cercopithecidae,catarrhine
haplorrhini,simmiformes,hominidae,pan_troglodytes_troglodytes,mammalia,primates,Cercopithecidae,catarrhine
haplorrhini,simmiformes,hominidae,pan_troglodytes_troglodytes,mammalia,primates,Cercopithecidae,catarrhine
haplorrhini,simmiformes,hominidae,pan_troglodytes_troglodytes,mammalia,primates,Cercopithecidae,catarrhine
haplorrhini,simmiformes,hominidae,pan_troglodytes_troglodytes,mammalia,primates,Cercopithecidae,catarrhine
haplorrhini,simmiformes,hominidae,pan_troglodytes_troglodytes,mammalia,primates,Cercopithecidae,catarrhine
haplorrhini,simmiformes,hominidae,pan_troglodytes_troglodytes,mammalia,primates,Cercopithecidae,catarrhine
haplorrhini,simmiformes,hominidae,pan_troglodytes_troglodytes,mammalia,primates,Galagidae,catarrhine
haplorrhini,simmiformes,hominidae,pan_troglodytes_troglodytes,mammalia,primates,Galagidae,catarrhine
haplorrhini,simmiformes,hominidae,pan_troglodytes_troglodytes,mammalia,primates,Galagidae,catarrhine
haplorrhini,simmiformes,hominidae,pan_troglodytes_troglodytes,mammalia,primates,Lorisidae,catarrhine
haplorrhini,simmiformes,hominidae,pan_troglodytes_troglodytes,mammalia,rodentia,Anomaluridae,catarrhine
haplorrhini,simmiformes,hominidae,pan_troglodytes_troglodytes,mammalia,rodentia,Anomaluridae,catarrhine
haplorrhini,simmiformes,hominidae,pan_troglodytes_troglodytes,mammalia,rodentia,Muridae,catarrhine
haplorrhini,simmiformes,hominidae,pan_troglodytes_troglodytes,mammalia,rodentia,Nesomyidae,catarrhine
haplorrhini,simmiformes,hominidae,pan_troglodytes_troglodytes,mammalia,rodentia,Sciuridae,catarrhine
haplorrhini,simmiformes,hominidae,pan_troglodytes_troglodytes,mammalia,rodentia,Sciuridae,catarrhine
haplorrhini,simmiformes,hominidae,pan_troglodytes_troglodytes,mammalia,rodentia,Sciuridae,catarrhine
haplorrhini,simmiformes,hominidae,pan_troglodytes_troglodytes,mammalia,rodentia,Sciuridae,catarrhine
haplorrhini,simmiformes,hominidae,pan_troglodytes_troglodytes,mammalia,rodentia,Sciuridae,catarrhine
haplorrhini,simmiformes,hominidae,pan_troglodytes_troglodytes,mammalia,rodentia,Thryonomidae,catarrhine
